id,name,domain,sourceGroup,tier,active
"www-mining-com","www.mining.com","www.mining.com","Mining, Quarrying & Aggregates","B","false"
"www-miningmagazine-com","www.miningmagazine.com","www.miningmagazine.com","Mining, Quarrying & Aggregates","B","false"
"www-miningweekly-com","www.miningweekly.com","www.miningweekly.com","Mining, Quarrying & Aggregates","B","false"
"www-im-mining-com","www.im-mining.com","www.im-mining.com","Mining, Quarrying & Aggregates","B","false"
"www-mining-technology-com","www.mining-technology.com","www.mining-technology.com","Mining, Quarrying & Aggregates","B","false"
"www-e-mj-com","www.e-mj.com","www.e-mj.com","Mining, Quarrying & Aggregates","B","false"
"www-canadianminingjournal-com","www.canadianminingjournal.com","www.canadianminingjournal.com","Mining, Quarrying & Aggregates","B","false"
"www-australianmining-com-au","www.australianmining.com.au","www.australianmining.com.au","Mining, Quarrying & Aggregates","B","false"
"www-miningreview-com","www.miningreview.com","www.miningreview.com","Mining, Quarrying & Aggregates","B","false"
"www-mining-journal-com","www.mining-journal.com","www.mining-journal.com","Mining, Quarrying & Aggregates","B","false"
"www-pitandquarry-com","www.pitandquarry.com","www.pitandquarry.com","Mining, Quarrying & Aggregates","B","false"
"www-aggregatemanager-com","www.aggregatemanager.com","www.aggregatemanager.com","Mining, Quarrying & Aggregates","B","false"
"www-aggbusiness-com","www.aggbusiness.com","www.aggbusiness.com","Mining, Quarrying & Aggregates","B","false"
"www-quarrymagazine-com-au","www.quarrymagazine.com.au","www.quarrymagazine.com.au","Mining, Quarrying & Aggregates","B","false"
"www-rockproducts-com","www.rockproducts.com","www.rockproducts.com","Mining, Quarrying & Aggregates","B","false"
"www-sandandgravel-com","www.sandandgravel.com","www.sandandgravel.com","Mining, Quarrying & Aggregates","B","false"
"www-crushingandscreening-com","www.crushingandscreening.com","www.crushingandscreening.com","Mining, Quarrying & Aggregates","B","false"
"www-saimm-co-za","www.saimm.co.za","www.saimm.co.za","Mining, Quarrying & Aggregates","B","false"
"www-smenet-org","www.smenet.org","www.smenet.org","Mining, Quarrying & Aggregates","A","false"
"www-ausimm-com","www.ausimm.com","www.ausimm.com","Mining, Quarrying & Aggregates","B","false"
"www-mineralsprocessing-com","www.mineralsprocessing.com","www.mineralsprocessing.com","Mining, Quarrying & Aggregates","B","false"
"www-mineralsengineering-com","www.mineralsengineering.com","www.mineralsengineering.com","Mining, Quarrying & Aggregates","B","false"
"www-metallurgy-news-com","www.metallurgy-news.com","www.metallurgy-news.com","Mining, Quarrying & Aggregates","B","false"
"www-globalminingreview-com","www.globalminingreview.com","www.globalminingreview.com","Mining, Quarrying & Aggregates","B","false"
"www-miningfuture-com","www.miningfuture.com","www.miningfuture.com","Mining, Quarrying & Aggregates","B","false"
"www-miningmx-com","www.miningmx.com","www.miningmx.com","Mining, Quarrying & Aggregates","B","false"
"www-miningglobal-com","www.miningglobal.com","www.miningglobal.com","Mining, Quarrying & Aggregates","B","false"
"www-miningnews-net","www.miningnews.net","www.miningnews.net","Mining, Quarrying & Aggregates","B","false"
"www-miningbusinessafrica-co-za","www.miningbusinessafrica.co.za","www.miningbusinessafrica.co.za","Mining, Quarrying & Aggregates","B","false"
"www-africanmining-co-za","www.africanmining.co.za","www.africanmining.co.za","Mining, Quarrying & Aggregates","B","false"
"www-latammining-com","www.latammining.com","www.latammining.com","Mining, Quarrying & Aggregates","B","false"
"www-steelguru-com","www.steelguru.com","www.steelguru.com","Mining, Quarrying & Aggregates","B","false"
"www-metalbulletin-com","www.metalbulletin.com","www.metalbulletin.com","Mining, Quarrying & Aggregates","B","false"
"www-fastmarkets-com","www.fastmarkets.com","www.fastmarkets.com","Mining, Quarrying & Aggregates","B","false"
"www-northernminer-com","www.northernminer.com","www.northernminer.com","Mining, Quarrying & Aggregates","B","false"
"www-miningreviewafrica-com","www.miningreviewafrica.com","www.miningreviewafrica.com","Mining, Quarrying & Aggregates","B","false"
"www-northamericanmining-com","www.northamericanmining.com","www.northamericanmining.com","Mining, Quarrying & Aggregates","B","false"
"www-agg-net-com","www.agg-net.com","www.agg-net.com","Mining, Quarrying & Aggregates","B","false"
"www-heavyequipmentguide-ca-mining","www.heavyequipmentguide.ca/mining","www.heavyequipmentguide.ca/mining","Mining, Quarrying & Aggregates","B","false"
"www-mineralpedia-com","www.mineralpedia.com","www.mineralpedia.com","Mining, Quarrying & Aggregates","B","false"
"www-miningequipment-news-com","www.miningequipment-news.com","www.miningequipment-news.com","Mining, Quarrying & Aggregates","B","false"
"www-miningtech-org","www.miningtech.org","www.miningtech.org","Mining, Quarrying & Aggregates","A","false"
"www-miningclarity-com","www.miningclarity.com","www.miningclarity.com","Mining, Quarrying & Aggregates","B","false"
"www-miningbulletin-com","www.miningbulletin.com","www.miningbulletin.com","Mining, Quarrying & Aggregates","B","false"
"www-miningperu-com","www.miningperu.com","www.miningperu.com","Mining, Quarrying & Aggregates","B","false"
"www-miningchile-com","www.miningchile.com","www.miningchile.com","Mining, Quarrying & Aggregates","B","false"
"www-miningindonesia-com","www.miningindonesia.com","www.miningindonesia.com","Mining, Quarrying & Aggregates","B","false"
"www-miningforum-net","www.miningforum.net","www.miningforum.net","Mining, Quarrying & Aggregates","discovery-only","false"
"www-mineralforum-com","www.mineralforum.com","www.mineralforum.com","Mining, Quarrying & Aggregates","discovery-only","false"
"www-reddit-com-r-mining","www.reddit.com/r/mining","www.reddit.com/r/mining","Mining, Quarrying & Aggregates","discovery-only","false"
"www-constructionweekonline-com","www.constructionweekonline.com","www.constructionweekonline.com","Power Tools & Construction","B","false"
"www-constructionenquirer-com","www.constructionenquirer.com","www.constructionenquirer.com","Power Tools & Construction","B","true"
"www-protoolreviews-com","www.protoolreviews.com","www.protoolreviews.com","Power Tools & Construction","B","false"
"www-toolguyd-com","www.toolguyd.com","www.toolguyd.com","Power Tools & Construction","B","true"
"www-equipmentworld-com","www.equipmentworld.com","www.equipmentworld.com","Power Tools & Construction","B","false"
"www-heavyequipmentguide-ca","www.heavyequipmentguide.ca","www.heavyequipmentguide.ca","Power Tools & Construction","B","false"
"www-contractormag-com","www.contractormag.com","www.contractormag.com","Power Tools & Construction","B","false"
"www-buildings-com","www.buildings.com","www.buildings.com","Power Tools & Construction","B","false"
"www-constructionexec-com","www.constructionexec.com","www.constructionexec.com","Power Tools & Construction","B","false"
"www-enr-com","www.enr.com","www.enr.com","Power Tools & Construction","B","false"
"www-forconstructionpros-com","www.forconstructionpros.com","www.forconstructionpros.com","Power Tools & Construction","B","false"
"www-constructionnews-co-uk","www.constructionnews.co.uk","www.constructionnews.co.uk","Power Tools & Construction","B","false"
"www-ecmweb-com","www.ecmweb.com","www.ecmweb.com","Power Tools & Construction","B","false"
"www-ebmag-com","www.ebmag.com","www.ebmag.com","Power Tools & Construction","B","false"
"www-plumbingandhvac-ca","www.plumbingandhvac.ca","www.plumbingandhvac.ca","Power Tools & Construction","B","false"
"www-theprowarehouse-com","www.theprowarehouse.com","www.theprowarehouse.com","Power Tools & Construction","B","false"
"www-toolboxtalks-com","www.toolboxtalks.com","www.toolboxtalks.com","Power Tools & Construction","B","false"
"www-builderonline-com","www.builderonline.com","www.builderonline.com","Power Tools & Construction","B","false"
"www-housingzone-com","www.housingzone.com","www.housingzone.com","Power Tools & Construction","B","false"
"www-finehomebuilding-com","www.finehomebuilding.com","www.finehomebuilding.com","Power Tools & Construction","B","false"
"www-thisoldhouse-com","www.thisoldhouse.com","www.thisoldhouse.com","Power Tools & Construction","B","false"
"www-diyweek-net","www.diyweek.net","www.diyweek.net","Power Tools & Construction","B","false"
"www-hhtoday-com","www.hhtoday.com","www.hhtoday.com","Power Tools & Construction","B","false"
"www-hardwaremerchandiser-com","www.hardwaremerchandiser.com","www.hardwaremerchandiser.com","Power Tools & Construction","B","false"
"www-ironage-com","www.ironage.com","www.ironage.com","Power Tools & Construction","B","false"
"www-concreteconstruction-net","www.concreteconstruction.net","www.concreteconstruction.net","Power Tools & Construction","B","false"
"www-concretecontractor-com","www.concretecontractor.com","www.concretecontractor.com","Power Tools & Construction","B","false"
"www-masonrymagazine-com","www.masonrymagazine.com","www.masonrymagazine.com","Power Tools & Construction","B","false"
"www-wallsandceilings-com","www.wallsandceilings.com","www.wallsandceilings.com","Power Tools & Construction","B","false"
"www-wconline-com","www.wconline.com","www.wconline.com","Power Tools & Construction","B","false"
"www-demolitionnews-com","www.demolitionnews.com","www.demolitionnews.com","Power Tools & Construction","B","false"
"www-demolitionandrecycling-com","www.demolitionandrecycling.com","www.demolitionandrecycling.com","Power Tools & Construction","B","false"
"www-pavementpro-com","www.pavementpro.com","www.pavementpro.com","Power Tools & Construction","B","false"
"www-roadsandbridges-com","www.roadsandbridges.com","www.roadsandbridges.com","Power Tools & Construction","B","false"
"www-asphaltpro-com","www.asphaltpro.com","www.asphaltpro.com","Power Tools & Construction","B","false"
"www-equipmenttoday-com","www.equipmenttoday.com","www.equipmenttoday.com","Power Tools & Construction","B","false"
"www-oemoffhighway-com","www.oemoffhighway.com","www.oemoffhighway.com","Power Tools & Construction","B","false"
"www-compactequip-com","www.compactequip.com","www.compactequip.com","Power Tools & Construction","B","false"
"www-heavyequipmentmarket-com","www.heavyequipmentmarket.com","www.heavyequipmentmarket.com","Power Tools & Construction","B","false"
"www-machineryline-com","www.machineryline.com","www.machineryline.com","Power Tools & Construction","B","false"
"www-constructionequipment-com","www.constructionequipment.com","www.constructionequipment.com","Power Tools & Construction","B","false"
"www-worldhighways-com","www.worldhighways.com","www.worldhighways.com","Power Tools & Construction","B","false"
"www-tunnelsandtunnelling-com","www.tunnelsandtunnelling.com","www.tunnelsandtunnelling.com","Power Tools & Construction","B","false"
"www-geodrillinginternational-com","www.geodrillinginternational.com","www.geodrillinginternational.com","Power Tools & Construction","B","false"
"www-drillingcontractor-org","www.drillingcontractor.org","www.drillingcontractor.org","Power Tools & Construction","A","false"
"www-international-construction-com","www.international-construction.com","www.international-construction.com","Power Tools & Construction","B","false"
"www-khl-com","www.khl.com","www.khl.com","Power Tools & Construction","B","false"
"www-buildingenclosureonline-com","www.buildingenclosureonline.com","www.buildingenclosureonline.com","Power Tools & Construction","B","false"
"www-architecturalrecord-com","www.architecturalrecord.com","www.architecturalrecord.com","Power Tools & Construction","B","false"
"www-gbdmagazine-com","www.gbdmagazine.com","www.gbdmagazine.com","Power Tools & Construction","B","false"
"www-constructconnect-com","www.constructconnect.com","www.constructconnect.com","Power Tools & Construction","B","false"
"www-buildingdesignconstruction-com","www.buildingdesignconstruction.com","www.buildingdesignconstruction.com","Power Tools & Construction","B","false"
"www-facilitiesnet-com","www.facilitiesnet.com","www.facilitiesnet.com","Power Tools & Construction","B","false"
"www-electricalcontractor-com","www.electricalcontractor.com","www.electricalcontractor.com","Power Tools & Construction","B","false"
"www-ecmag-com","www.ecmag.com","www.ecmag.com","Power Tools & Construction","B","false"
"www-achrnews-com","www.achrnews.com","www.achrnews.com","Power Tools & Construction","B","false"
"www-hpac-com","www.hpac.com","www.hpac.com","Power Tools & Construction","B","false"
"www-contractingbusiness-com","www.contractingbusiness.com","www.contractingbusiness.com","Power Tools & Construction","B","false"
"www-mechanicalbusiness-com","www.mechanicalbusiness.com","www.mechanicalbusiness.com","Power Tools & Construction","B","false"
"www-reddit-com-r-tools","www.reddit.com/r/tools","www.reddit.com/r/tools","Power Tools & Construction","discovery-only","false"
"www-recyclingtoday-com","www.recyclingtoday.com","www.recyclingtoday.com","Recycling & Waste Management","B","false"
"www-waste360-com","www.waste360.com","www.waste360.com","Recycling & Waste Management","B","false"
"www-waste-management-world-com","www.waste-management-world.com","www.waste-management-world.com","Recycling & Waste Management","B","false"
"www-recycling-magazine-com","www.recycling-magazine.com","www.recycling-magazine.com","Recycling & Waste Management","B","false"
"www-resource-recycling-com","www.resource-recycling.com","www.resource-recycling.com","Recycling & Waste Management","B","false"
"www-scrapmonster-com","www.scrapmonster.com","www.scrapmonster.com","Recycling & Waste Management","B","false"
"www-recyclinginternational-com","www.recyclinginternational.com","www.recyclinginternational.com","Recycling & Waste Management","B","false"
"www-wastetodaymagazine-com","www.wastetodaymagazine.com","www.wastetodaymagazine.com","Recycling & Waste Management","B","false"
"www-recyclinginside-com","www.recyclinginside.com","www.recyclinginside.com","Recycling & Waste Management","B","false"
"www-e-scrapnews-com","www.e-scrapnews.com","www.e-scrapnews.com","Recycling & Waste Management","B","false"
"www-plasticsrecycling-com","www.plasticsrecycling.com","www.plasticsrecycling.com","Recycling & Waste Management","B","false"
"www-recyclingproductnews-com","www.recyclingproductnews.com","www.recyclingproductnews.com","Recycling & Waste Management","B","false"
"www-wastedive-com","www.wastedive.com","www.wastedive.com","Recycling & Waste Management","B","false"
"www-letsrecycle-com","www.letsrecycle.com","www.letsrecycle.com","Recycling & Waste Management","B","false"
"www-mrw-co-uk","www.mrw.co.uk","www.mrw.co.uk","Recycling & Waste Management","B","false"
"www-scrap-org","www.scrap.org","www.scrap.org","Recycling & Waste Management","A","false"
"www-isri-org","www.isri.org","www.isri.org","Recycling & Waste Management","A","false"
"www-euric-recycling-org","www.euric-recycling.org","www.euric-recycling.org","Recycling & Waste Management","A","false"
"www-bir-org","www.bir.org","www.bir.org","Recycling & Waste Management","A","false"
"www-scrapmetalforum-com","www.scrapmetalforum.com","www.scrapmetalforum.com","Recycling & Waste Management","discovery-only","false"
"www-autorecyclingworld-com","www.autorecyclingworld.com","www.autorecyclingworld.com","Recycling & Waste Management","B","false"
"www-steelrecycling-org","www.steelrecycling.org","www.steelrecycling.org","Recycling & Waste Management","A","false"
"www-weee-forum-org","www.weee-forum.org","www.weee-forum.org","Recycling & Waste Management","discovery-only","false"
"www-plasticsrecycling-org","www.plasticsrecycling.org","www.plasticsrecycling.org","Recycling & Waste Management","A","false"
"www-tire-recycling-com","www.tire-recycling.com","www.tire-recycling.com","Recycling & Waste Management","B","false"
"www-construction-waste-com","www.construction-waste.com","www.construction-waste.com","Recycling & Waste Management","B","false"
"www-glassrecycling-org","www.glassrecycling.org","www.glassrecycling.org","Recycling & Waste Management","A","false"
"www-organicsrecycling-com","www.organicsrecycling.com","www.organicsrecycling.com","Recycling & Waste Management","B","false"
"www-sorting-solutions-com","www.sorting-solutions.com","www.sorting-solutions.com","Recycling & Waste Management","B","false"
"www-waste-sorting-com","www.waste-sorting.com","www.waste-sorting.com","Recycling & Waste Management","B","false"
"www-circular-economy-news-com","www.circular-economy-news.com","www.circular-economy-news.com","Recycling & Waste Management","B","false"
"www-recycling-de","www.recycling.de","www.recycling.de","Recycling & Waste Management","B","false"
"www-recycling-nl","www.recycling.nl","www.recycling.nl","Recycling & Waste Management","B","false"
"www-recycling-co-uk","www.recycling.co.uk","www.recycling.co.uk","Recycling & Waste Management","B","false"
"www-recycling-org-au","www.recycling.org.au","www.recycling.org.au","Recycling & Waste Management","B","false"
"www-canadianrecycling-ca","www.canadianrecycling.ca","www.canadianrecycling.ca","Recycling & Waste Management","B","false"
"www-scrapmetalboard-com","www.scrapmetalboard.com","www.scrapmetalboard.com","Recycling & Waste Management","discovery-only","false"
"www-waste-management-forum-com","www.waste-management-forum.com","www.waste-management-forum.com","Recycling & Waste Management","discovery-only","false"
"www-greenrecyclingnews-com","www.greenrecyclingnews.com","www.greenrecyclingnews.com","Recycling & Waste Management","B","false"
"www-shreddertech-com","www.shreddertech.com","www.shreddertech.com","Recycling & Waste Management","B","false"
"www-batteryrecycling-com","www.batteryrecycling.com","www.batteryrecycling.com","Recycling & Waste Management","B","false"
"www-metalrecycling-org","www.metalrecycling.org","www.metalrecycling.org","Recycling & Waste Management","A","false"
"www-car-recycling-com","www.car-recycling.com","www.car-recycling.com","Recycling & Waste Management","B","false"
"www-wasteprep-com","www.wasteprep.com","www.wasteprep.com","Recycling & Waste Management","B","false"
"www-waste-processing-com","www.waste-processing.com","www.waste-processing.com","Recycling & Waste Management","B","false"
"www-recyclingtimes-com","www.recyclingtimes.com","www.recyclingtimes.com","Recycling & Waste Management","B","false"
"www-recyclingworld-org","www.recyclingworld.org","www.recyclingworld.org","Recycling & Waste Management","A","false"
"www-zero-waste-org","www.zero-waste.org","www.zero-waste.org","Recycling & Waste Management","A","false"
"www-reddit-com-r-recycling","www.reddit.com/r/recycling","www.reddit.com/r/recycling","Recycling & Waste Management","discovery-only","false"
"www-gim-international-com","www.gim-international.com","www.gim-international.com","Measuring & Laser Technology","B","false"
"www-xyht-com","www.xyht.com","www.xyht.com","Measuring & Laser Technology","B","false"
"www-pobonline-com","www.pobonline.com","www.pobonline.com","Measuring & Laser Technology","B","false"
"www-geoconnexions-com","www.geoconnexions.com","www.geoconnexions.com","Measuring & Laser Technology","B","false"
"www-spatialsource-com-au","www.spatialsource.com.au","www.spatialsource.com.au","Measuring & Laser Technology","B","false"
"www-lidarmag-com","www.lidarmag.com","www.lidarmag.com","Measuring & Laser Technology","B","false"
"www-laserfocusworld-com","www.laserfocusworld.com","www.laserfocusworld.com","Measuring & Laser Technology","B","false"
"www-photonics-com","www.photonics.com","www.photonics.com","Measuring & Laser Technology","B","false"
"www-optics-org","www.optics.org","www.optics.org","Measuring & Laser Technology","A","false"
"www-opticsandphotonics-com","www.opticsandphotonics.com","www.opticsandphotonics.com","Measuring & Laser Technology","B","false"
"www-sensorsmag-com","www.sensorsmag.com","www.sensorsmag.com","Measuring & Laser Technology","B","false"
"www-sensor-tips-com","www.sensor-tips.com","www.sensor-tips.com","Measuring & Laser Technology","B","false"
"www-testandmeasurementtips-com","www.testandmeasurementtips.com","www.testandmeasurementtips.com","Measuring & Laser Technology","B","false"
"www-evaluationengineering-com","www.evaluationengineering.com","www.evaluationengineering.com","Measuring & Laser Technology","B","false"
"www-qualitydigest-com","www.qualitydigest.com","www.qualitydigest.com","Measuring & Laser Technology","B","false"
"www-qualitymag-com","www.qualitymag.com","www.qualitymag.com","Measuring & Laser Technology","B","false"
"www-metrology-news","www.metrology.news","www.metrology.news","Measuring & Laser Technology","B","false"
"www-metrologyworld-com","www.metrologyworld.com","www.metrologyworld.com","Measuring & Laser Technology","B","false"
"www-coordinate-metrology-com","www.coordinate-metrology.com","www.coordinate-metrology.com","Measuring & Laser Technology","B","false"
"www-ndt-net","www.ndt.net","www.ndt.net","Measuring & Laser Technology","B","false"
"www-asnt-org","www.asnt.org","www.asnt.org","Measuring & Laser Technology","A","false"
"www-inspectioneering-com","www.inspectioneering.com","www.inspectioneering.com","Measuring & Laser Technology","B","false"
"www-materials-testing-com","www.materials-testing.com","www.materials-testing.com","Measuring & Laser Technology","B","false"
"www-surveyinggroup-com","www.surveyinggroup.com","www.surveyinggroup.com","Measuring & Laser Technology","B","false"
"www-geospatialworld-net","www.geospatialworld.net","www.geospatialworld.net","Measuring & Laser Technology","B","false"
"www-geospatial-solutions-com","www.geospatial-solutions.com","www.geospatial-solutions.com","Measuring & Laser Technology","B","false"
"www-gpsworld-com","www.gpsworld.com","www.gpsworld.com","Measuring & Laser Technology","B","false"
"www-positioningmag-com","www.positioningmag.com","www.positioningmag.com","Measuring & Laser Technology","B","false"
"www-instrumentationmag-biz","www.instrumentationmag.biz","www.instrumentationmag.biz","Measuring & Laser Technology","B","false"
"www-processinstrumentation-com","www.processinstrumentation.com","www.processinstrumentation.com","Measuring & Laser Technology","B","false"
"www-controlglobal-com","www.controlglobal.com","www.controlglobal.com","Measuring & Laser Technology","B","false"
"www-controleng-com","www.controleng.com","www.controleng.com","Measuring & Laser Technology","B","false"
"www-automation-com","www.automation.com","www.automation.com","Measuring & Laser Technology","B","false"
"www-automationsolutions-com","www.automationsolutions.com","www.automationsolutions.com","Measuring & Laser Technology","B","false"
"www-isa-org","www.isa.org","www.isa.org","Measuring & Laser Technology","A","false"
"www-engineering-com-measurement","www.engineering.com/measurement","www.engineering.com/measurement","Measuring & Laser Technology","B","false"
"www-reddit-com-r-surveying","www.reddit.com/r/surveying","www.reddit.com/r/surveying","Measuring & Laser Technology","discovery-only","false"
"www-reddit-com-r-lasers","www.reddit.com/r/lasers","www.reddit.com/r/lasers","Measuring & Laser Technology","discovery-only","false"
"www-metrologyforum-com","www.metrologyforum.com","www.metrologyforum.com","Measuring & Laser Technology","discovery-only","false"
"www-surveyorconnect-com","www.surveyorconnect.com","www.surveyorconnect.com","Measuring & Laser Technology","B","false"
"www-powderbulksolids-com","www.powderbulksolids.com","www.powderbulksolids.com","Bulk Materials, Powder & Cement","B","false"
"www-bmh-magazine-com","www.bmh-magazine.com","www.bmh-magazine.com","Bulk Materials, Powder & Cement","B","false"
"www-bulk-online-com","www.bulk-online.com","www.bulk-online.com","Bulk Materials, Powder & Cement","B","false"
"www-powderandbulk-com","www.powderandbulk.com","www.powderandbulk.com","Bulk Materials, Powder & Cement","B","false"
"www-processingmagazine-com","www.processingmagazine.com","www.processingmagazine.com","Bulk Materials, Powder & Cement","B","false"
"www-processengineering-co-uk","www.processengineering.co.uk","www.processengineering.co.uk","Bulk Materials, Powder & Cement","B","false"
"www-bulkhandlingworld-com","www.bulkhandlingworld.com","www.bulkhandlingworld.com","Bulk Materials, Powder & Cement","B","false"
"www-conveyortech-com","www.conveyortech.com","www.conveyortech.com","Bulk Materials, Powder & Cement","B","false"
"www-solids-processing-com","www.solids-processing.com","www.solids-processing.com","Bulk Materials, Powder & Cement","B","false"
"www-powder-technology-com","www.powder-technology.com","www.powder-technology.com","Bulk Materials, Powder & Cement","B","false"
"www-globalcement-com","www.globalcement.com","www.globalcement.com","Bulk Materials, Powder & Cement","B","false"
"www-cemnet-com","www.cemnet.com","www.cemnet.com","Bulk Materials, Powder & Cement","B","false"
"www-cement-org","www.cement.org","www.cement.org","Bulk Materials, Powder & Cement","A","false"
"www-worldcement-com","www.worldcement.com","www.worldcement.com","Bulk Materials, Powder & Cement","B","false"
"www-glass-international-com","www.glass-international.com","www.glass-international.com","Bulk Materials, Powder & Cement","B","false"
"www-ceramic-industry-com","www.ceramic-industry.com","www.ceramic-industry.com","Bulk Materials, Powder & Cement","B","false"
"www-chemengonline-com","www.chemengonline.com","www.chemengonline.com","Bulk Materials, Powder & Cement","B","false"
"www-chemicalprocessing-com","www.chemicalprocessing.com","www.chemicalprocessing.com","Bulk Materials, Powder & Cement","B","false"
"www-chemicalengineeringworld-com","www.chemicalengineeringworld.com","www.chemicalengineeringworld.com","Bulk Materials, Powder & Cement","B","false"
"www-filtration-separation-com","www.filtration-separation.com","www.filtration-separation.com","Bulk Materials, Powder & Cement","B","false"
"www-foodprocessing-com","www.foodprocessing.com","www.foodprocessing.com","Bulk Materials, Powder & Cement","B","false"
"www-foodqualityandsafety-com","www.foodqualityandsafety.com","www.foodqualityandsafety.com","Bulk Materials, Powder & Cement","B","false"
"www-foodengineeringmag-com","www.foodengineeringmag.com","www.foodengineeringmag.com","Bulk Materials, Powder & Cement","B","false"
"www-foodmanufacture-co-uk","www.foodmanufacture.co.uk","www.foodmanufacture.co.uk","Bulk Materials, Powder & Cement","B","false"
"www-foodsafetytech-com","www.foodsafetytech.com","www.foodsafetytech.com","Bulk Materials, Powder & Cement","B","false"
"www-grainnet-com","www.grainnet.com","www.grainnet.com","Bulk Materials, Powder & Cement","B","false"
"www-world-grain-com","www.world-grain.com","www.world-grain.com","Bulk Materials, Powder & Cement","B","false"
"www-millingandgrain-com","www.millingandgrain.com","www.millingandgrain.com","Bulk Materials, Powder & Cement","B","false"
"www-feedstrategy-com","www.feedstrategy.com","www.feedstrategy.com","Bulk Materials, Powder & Cement","B","false"
"www-pharmtech-com","www.pharmtech.com","www.pharmtech.com","Bulk Materials, Powder & Cement","B","false"
"www-pharmaceutical-technology-com","www.pharmaceutical-technology.com","www.pharmaceutical-technology.com","Bulk Materials, Powder & Cement","B","false"
"www-cleanroom-technology-com","www.cleanroom-technology.com","www.cleanroom-technology.com","Bulk Materials, Powder & Cement","B","false"
"www-plasticstoday-com","www.plasticstoday.com","www.plasticstoday.com","Bulk Materials, Powder & Cement","B","false"
"www-plasticsnews-com","www.plasticsnews.com","www.plasticsnews.com","Bulk Materials, Powder & Cement","B","false"
"www-injection-molding-news-com","www.injection-molding-news.com","www.injection-molding-news.com","Bulk Materials, Powder & Cement","B","false"
"www-industrial-minerals-com","www.industrial-minerals.com","www.industrial-minerals.com","Bulk Materials, Powder & Cement","B","false"
"www-refractories-news-com","www.refractories-news.com","www.refractories-news.com","Bulk Materials, Powder & Cement","B","false"
"www-asphalt-news-com","www.asphalt-news.com","www.asphalt-news.com","Bulk Materials, Powder & Cement","B","false"
"www-lime-association-org","www.lime-association.org","www.lime-association.org","Bulk Materials, Powder & Cement","A","false"
"www-dust-collection-news-com","www.dust-collection-news.com","www.dust-collection-news.com","Bulk Materials, Powder & Cement","B","false"
"www-pneumatic-conveying-com","www.pneumatic-conveying.com","www.pneumatic-conveying.com","Bulk Materials, Powder & Cement","B","false"
"www-silo-technology-com","www.silo-technology.com","www.silo-technology.com","Bulk Materials, Powder & Cement","B","false"
"www-particle-size-com","www.particle-size.com","www.particle-size.com","Bulk Materials, Powder & Cement","B","false"
"www-fluid-handling-com","www.fluid-handling.com","www.fluid-handling.com","Bulk Materials, Powder & Cement","B","false"
"www-piping-world-com","www.piping-world.com","www.piping-world.com","Bulk Materials, Powder & Cement","B","false"
"www-fertilizer-tech-com","www.fertilizer-tech.com","www.fertilizer-tech.com","Bulk Materials, Powder & Cement","B","false"
"www-sugarindustry-com","www.sugarindustry.com","www.sugarindustry.com","Bulk Materials, Powder & Cement","B","false"
"www-allaboutfeed-net","www.allaboutfeed.net","www.allaboutfeed.net","Bulk Materials, Powder & Cement","B","false"
"www-bulk-online-com-forum","www.bulk-online.com/forum","www.bulk-online.com/forum","Bulk Materials, Powder & Cement","discovery-only","false"
"www-reddit-com-r-chemicalengineering","www.reddit.com/r/chemicalengineering","www.reddit.com/r/chemicalengineering","Bulk Materials, Powder & Cement","discovery-only","false"
"www-magneticsmag-com","www.magneticsmag.com","www.magneticsmag.com","Motors, Magnetics & Manufacturing","B","false"
"www-magnetism-journal-com","www.magnetism-journal.com","www.magnetism-journal.com","Motors, Magnetics & Manufacturing","B","false"
"www-ieee-magnetics-org","www.ieee-magnetics.org","www.ieee-magnetics.org","Motors, Magnetics & Manufacturing","A","false"
"www-permanentmagnets-org","www.permanentmagnets.org","www.permanentmagnets.org","Motors, Magnetics & Manufacturing","A","false"
"www-coils-and-transformers-com","www.coils-and-transformers.com","www.coils-and-transformers.com","Motors, Magnetics & Manufacturing","B","false"
"www-power-electronics-magnetics-com","www.power-electronics-magnetics.com","www.power-electronics-magnetics.com","Motors, Magnetics & Manufacturing","B","false"
"www-thomasnet-com-news","www.thomasnet.com/news","www.thomasnet.com/news","Motors, Magnetics & Manufacturing","B","false"
"www-directindustry-com-journal","www.directindustry.com/journal","www.directindustry.com/journal","Motors, Magnetics & Manufacturing","B","false"
"www-plantengineering-com","www.plantengineering.com","www.plantengineering.com","Motors, Magnetics & Manufacturing","B","false"
"www-maintworld-com","www.maintworld.com","www.maintworld.com","Motors, Magnetics & Manufacturing","B","false"
"www-machinerylubrication-com","www.machinerylubrication.com","www.machinerylubrication.com","Motors, Magnetics & Manufacturing","B","false"
"www-industrial-equipment-news-com","www.industrial-equipment-news.com","www.industrial-equipment-news.com","Motors, Magnetics & Manufacturing","B","false"
"www-manufacturing-net","www.manufacturing.net","www.manufacturing.net","Motors, Magnetics & Manufacturing","B","false"
"www-industryweek-com","www.industryweek.com","www.industryweek.com","Motors, Magnetics & Manufacturing","B","false"
"www-designnews-com","www.designnews.com","www.designnews.com","Motors, Magnetics & Manufacturing","B","false"
"www-machinedesign-com","www.machinedesign.com","www.machinedesign.com","Motors, Magnetics & Manufacturing","B","false"
"www-engineerlive-com","www.engineerlive.com","www.engineerlive.com","Motors, Magnetics & Manufacturing","B","false"
"www-engineering-com","www.engineering.com","www.engineering.com","Motors, Magnetics & Manufacturing","B","false"
"www-eurekamagazine-co-uk","www.eurekamagazine.co.uk","www.eurekamagazine.co.uk","Motors, Magnetics & Manufacturing","B","false"
"www-maintenance-engineering-com","www.maintenance-engineering.com","www.maintenance-engineering.com","Motors, Magnetics & Manufacturing","B","false"
"www-reliabilityweb-com","www.reliabilityweb.com","www.reliabilityweb.com","Motors, Magnetics & Manufacturing","B","false"
"www-drives-and-controls-com","www.drives-and-controls.com","www.drives-and-controls.com","Motors, Magnetics & Manufacturing","B","false"
"www-motion-control-news-com","www.motion-control-news.com","www.motion-control-news.com","Motors, Magnetics & Manufacturing","B","false"
"www-material-handling-trends-com","www.material-handling-trends.com","www.material-handling-trends.com","Motors, Magnetics & Manufacturing","B","false"
"www-motors-and-drives-com","www.motors-and-drives.com","www.motors-and-drives.com","Motors, Magnetics & Manufacturing","B","false"
"www-powertransmission-com","www.powertransmission.com","www.powertransmission.com","Motors, Magnetics & Manufacturing","B","false"
"www-bearing-news-com","www.bearing-news.com","www.bearing-news.com","Motors, Magnetics & Manufacturing","B","false"
"www-fastenertechnotes-com","www.fastenertechnotes.com","www.fastenertechnotes.com","Motors, Magnetics & Manufacturing","B","false"
"www-cuttingtoolengineering-com","www.cuttingtoolengineering.com","www.cuttingtoolengineering.com","Motors, Magnetics & Manufacturing","B","false"
"www-modernmachineshop-com","www.modernmachineshop.com","www.modernmachineshop.com","Motors, Magnetics & Manufacturing","B","false"
"www-manufacturingtomorrow-com","www.manufacturingtomorrow.com","www.manufacturingtomorrow.com","Motors, Magnetics & Manufacturing","B","false"
"www-smartindustry-com","www.smartindustry.com","www.smartindustry.com","Motors, Magnetics & Manufacturing","B","false"
"www-inddist-com","www.inddist.com","www.inddist.com","Motors, Magnetics & Manufacturing","B","false"
"www-industrialpackaging-com","www.industrialpackaging.com","www.industrialpackaging.com","Motors, Magnetics & Manufacturing","B","false"
"www-supplychainbrain-com","www.supplychainbrain.com","www.supplychainbrain.com","Motors, Magnetics & Manufacturing","B","false"
"www-logisticsmgmt-com","www.logisticsmgmt.com","www.logisticsmgmt.com","Motors, Magnetics & Manufacturing","B","false"
"www-mhi-org","www.mhi.org","www.mhi.org","Motors, Magnetics & Manufacturing","A","false"
"www-eng-tips-com","www.eng-tips.com","www.eng-tips.com","Motors, Magnetics & Manufacturing","B","false"
"www-physicsforums-com","www.physicsforums.com","www.physicsforums.com","Motors, Magnetics & Manufacturing","discovery-only","false"
"www-machinist-forum-com","www.machinist-forum.com","www.machinist-forum.com","Motors, Magnetics & Manufacturing","discovery-only","false"
"www-industrial-engineers-org-forum","www.industrial-engineers.org/forum","www.industrial-engineers.org/forum","Motors, Magnetics & Manufacturing","discovery-only","false"
"www-maintenance-forum-com","www.maintenance-forum.com","www.maintenance-forum.com","Motors, Magnetics & Manufacturing","discovery-only","false"
"www-reddit-com-r-engineering","www.reddit.com/r/engineering","www.reddit.com/r/engineering","Motors, Magnetics & Manufacturing","discovery-only","false"
"www-reddit-com-r-machinists","www.reddit.com/r/machinists","www.reddit.com/r/machinists","Motors, Magnetics & Manufacturing","discovery-only","false"
"www-reddit-com-r-plc","www.reddit.com/r/plc","www.reddit.com/r/plc","Motors, Magnetics & Manufacturing","discovery-only","false"
"www-quora-com-topic-power-tools","www.quora.com/topic/power-tools","www.quora.com/topic/power-tools","Motors, Magnetics & Manufacturing","discovery-only","false"
"www-quora-com-topic-magnetic-separation","www.quora.com/topic/magnetic-separation","www.quora.com/topic/magnetic-separation","Motors, Magnetics & Manufacturing","discovery-only","false"
"www-rareearthnews-com","www.rareearthnews.com","www.rareearthnews.com","Motors, Magnetics & Manufacturing","B","false"
"www-applied-magnetics-com","www.applied-magnetics.com","www.applied-magnetics.com","Motors, Magnetics & Manufacturing","B","false"
"www-electronics-weekly-com","www.electronics-weekly.com","www.electronics-weekly.com","Motors, Magnetics & Manufacturing","B","false"
